-- Adminer 4.7.6 MySQL dump

SET NAMES utf8;
SET time_zone = '+00:00';
SET foreign_key_checks = 0;
SET sql_mode = 'NO_AUTO_VALUE_ON_ZERO';

INSERT INTO `doctrine_migration_versions` (`version`, `executed_at`, `execution_time`) VALUES
('DoctrineMigrations\\Version20231003073140',	'2023-10-03 09:31:49',	568);

SET NAMES utf8mb4;

INSERT INTO `game` (`id`, `round_id`, `date_and_time_of_match`, `visitor_score`, `home_score`, `winner`, `visitor_odd`, `home_odd`, `created_at`, `updated_at`) VALUES
(1,	2,	'2024-04-22 18:47:54',	NULL,	NULL,	NULL,	NULL,	NULL,	'2023-10-03 09:33:45',	NULL),
(2,	5,	'2024-05-27 20:16:30',	NULL,	NULL,	NULL,	NULL,	NULL,	'2023-10-03 09:33:45',	NULL),
(3,	1,	'2023-12-21 03:31:43',	NULL,	NULL,	NULL,	NULL,	NULL,	'2023-10-03 09:33:45',	NULL),
(4,	4,	'2023-11-05 21:07:59',	NULL,	NULL,	NULL,	NULL,	NULL,	'2023-10-03 09:33:45',	NULL),
(5,	2,	'2024-08-02 09:26:21',	NULL,	NULL,	NULL,	NULL,	NULL,	'2023-10-03 09:33:45',	NULL),
(6,	2,	'2023-10-08 07:52:07',	NULL,	NULL,	NULL,	NULL,	NULL,	'2023-10-03 09:33:45',	NULL),
(7,	2,	'2024-09-15 21:08:34',	NULL,	NULL,	NULL,	NULL,	NULL,	'2023-10-03 09:33:45',	NULL),
(8,	4,	'2024-09-13 07:55:03',	NULL,	NULL,	NULL,	NULL,	NULL,	'2023-10-03 09:33:45',	NULL),
(9,	5,	'2022-12-23 20:50:26',	NULL,	NULL,	NULL,	NULL,	NULL,	'2023-10-03 09:33:45',	NULL),
(10,	2,	'2024-07-25 20:36:22',	NULL,	NULL,	NULL,	NULL,	NULL,	'2023-10-03 09:33:45',	NULL),
(11,	13,	'2023-10-29 00:00:09',	NULL,	NULL,	NULL,	NULL,	NULL,	'2023-10-06 20:00:02',	NULL),
(12,	13,	'2023-10-17 20:00:09',	NULL,	NULL,	NULL,	NULL,	NULL,	'2023-10-06 20:00:03',	NULL),
(13,	13,	'2023-11-16 23:00:00',	NULL,	NULL,	NULL,	NULL,	NULL,	'2023-10-06 20:09:02',	NULL),
(14,	13,	'2023-12-13 00:00:00',	NULL,	NULL,	NULL,	NULL,	NULL,	'2023-10-06 20:40:10',	NULL),
(15,	13,	'2023-10-25 20:46:00',	NULL,	NULL,	NULL,	NULL,	NULL,	'2023-10-06 20:47:56',	NULL),
(16,	13,	'2023-10-26 20:47:00',	NULL,	NULL,	NULL,	NULL,	NULL,	'2023-10-06 20:47:57',	NULL),
(17,	14,	'2023-10-19 00:30:00',	90,	100,	'Miami Heat',	1.5,	1.2,	'2023-10-06 21:31:03',	'2023-10-09 16:22:41'),
(18,	14,	'2023-10-27 00:36:00',	115,	132,	'Atlanta Hawks',	1.2,	1.7,	'2023-10-06 21:36:37',	'2023-10-09 16:12:18'),
(19,	14,	'2023-10-04 00:37:00',	NULL,	NULL,	NULL,	NULL,	NULL,	'2023-10-06 21:37:58',	NULL),
(20,	14,	'2023-10-27 10:16:00',	NULL,	NULL,	NULL,	NULL,	NULL,	'2023-10-07 10:16:33',	NULL),
(24,	12,	'2023-10-26 00:12:00',	NULL,	NULL,	NULL,	NULL,	NULL,	'2023-10-07 23:12:23',	NULL),
(25,	12,	'2023-10-27 10:15:00',	NULL,	NULL,	NULL,	NULL,	NULL,	'2023-10-09 10:15:47',	NULL),
(26,	14,	'2023-10-12 13:32:00',	NULL,	NULL,	NULL,	NULL,	NULL,	'2023-10-09 13:33:03',	NULL),
(27,	15,	'2023-10-29 16:24:00',	75,	50,	'Charlotte Hornets',	1.5,	1.2,	'2023-10-09 16:24:36',	'2023-10-09 20:32:32'),
(28,	16,	'2023-10-10 00:45:00',	65,	50,	'New York Knicks',	1.2,	1.7,	'2023-10-09 20:41:24',	'2023-10-09 20:44:38'),
(29,	16,	'2023-10-18 00:45:00',	55,	50,	'Boston Celtics',	1.2,	1.7,	'2023-10-09 20:41:25',	'2023-10-09 20:44:53'),
(30,	17,	'2023-10-20 11:20:00',	52,	12,	'Cleveland Cavaliers',	1.2,	1.7,	'2023-10-10 10:19:53',	'2023-10-10 13:22:03'),
(31,	17,	'2023-10-24 13:20:00',	NULL,	NULL,	NULL,	NULL,	NULL,	'2023-10-10 10:19:54',	NULL),
(32,	17,	'2023-10-10 10:10:00',	NULL,	NULL,	NULL,	NULL,	NULL,	'2023-10-10 10:30:35',	NULL),
(33,	17,	'2023-10-19 13:30:00',	52,	17,	'New York Knicks',	1.5,	1.2,	'2023-10-10 13:30:50',	'2023-10-10 15:53:31'),
(34,	19,	'2023-10-18 15:58:00',	85,	60,	'New York Knicks',	1.5,	1.2,	'2023-10-10 15:59:01',	'2023-10-11 10:16:08'),
(35,	19,	'2023-10-18 15:58:00',	50,	85,	'Cleveland Cavaliers',	1.5,	1.2,	'2023-10-10 15:59:02',	'2023-10-11 08:54:10');

INSERT INTO `game_team` (`game_id`, `team_id`) VALUES
(1,	1),
(1,	2),
(2,	3),
(2,	4),
(3,	5),
(3,	6),
(4,	7),
(4,	8),
(5,	9),
(5,	10),
(6,	11),
(6,	12),
(7,	13),
(7,	14),
(8,	15),
(8,	16),
(9,	17),
(9,	18),
(10,	19),
(10,	20),
(11,	4),
(11,	6),
(12,	4),
(12,	16),
(13,	4),
(13,	8),
(14,	2),
(14,	8),
(15,	2),
(15,	8),
(16,	8),
(16,	18),
(17,	3),
(17,	13),
(18,	3),
(18,	9),
(19,	4),
(19,	10),
(20,	7),
(20,	12),
(24,	3),
(24,	16),
(25,	2),
(25,	6),
(26,	6),
(26,	8),
(27,	1),
(27,	5),
(28,	2),
(28,	9),
(29,	3),
(29,	14),
(30,	5),
(30,	9),
(31,	3),
(31,	17),
(32,	14),
(32,	16),
(33,	2),
(33,	3),
(34,	2),
(34,	3),
(35,	4),
(35,	5);

INSERT INTO `leaderboard` (`id`, `user_id`, `season_id`, `final_score`, `final_rank`, `created_at`, `updated_at`) VALUES
(1,	4,	1,	29,	5,	'2023-10-03 09:33:45',	NULL),
(2,	5,	1,	30,	4,	'2023-10-03 09:33:45',	NULL),
(3,	6,	1,	48,	1,	'2023-10-03 09:33:45',	NULL),
(4,	7,	1,	23,	8,	'2023-10-03 09:33:45',	NULL),
(5,	8,	1,	17,	9,	'2023-10-03 09:33:45',	NULL),
(6,	9,	1,	26,	7,	'2023-10-03 09:33:45',	NULL),
(7,	10,	1,	13,	10,	'2023-10-03 09:33:45',	NULL),
(8,	11,	1,	45,	2,	'2023-10-03 09:33:45',	NULL),
(9,	12,	1,	36,	3,	'2023-10-03 09:33:45',	NULL),
(10,	13,	1,	28,	6,	'2023-10-03 09:33:45',	NULL);

INSERT INTO `league` (`id`, `league_name`, `league_description`, `created_at`, `updated_at`) VALUES
(1,	'C\'est dommage !',	'Bienvenue dans la ligue des justiciers !',	'2023-10-03 09:33:45',	'2023-10-10 13:28:14'),
(2,	'Ligue des Pompons',	'Bienvenue dans la ligue des pompons !',	'2023-10-03 09:33:45',	NULL),
(3,	'Awesome',	NULL,	'2023-10-03 10:00:03',	NULL),
(4,	'Frontax',	NULL,	'2023-10-03 10:00:05',	NULL),
(5,	'Ouioui',	NULL,	'2023-10-03 13:40:30',	NULL),
(6,	'superLeague',	NULL,	'2023-10-03 15:29:45',	NULL),
(7,	'coucheculotte',	NULL,	'2023-10-03 15:52:29',	NULL),
(8,	'coucheculotte2',	NULL,	'2023-10-03 15:54:40',	NULL),
(9,	'coucheculotte3',	NULL,	'2023-10-03 15:56:13',	NULL),
(10,	'Ligue test',	NULL,	'2023-10-09 20:39:54',	NULL),
(11,	'Ligue vide',	NULL,	'2023-10-11 15:22:37',	NULL);


INSERT INTO `news` (`id`, `league_id`, `title`, `description`, `created_at`, `updated_at`) VALUES
(1,	1,	'Début de saison pour les jusiciers',	'Aujord\'hui c\'est démo !',	'2023-10-03 09:33:45',	'2023-10-10 10:18:33'),
(2,	2,	'Début de saison pour les Pompons',	'C\'est un nouveau jour pour nous !',	'2023-10-03 09:33:45',	NULL),
(3,	2,	'test',	'blabla',	'2023-10-04 11:21:37',	NULL),
(4,	10,	'C\'est fou !',	'Binvenue dans ta nouvelle ligue !',	'2023-10-10 20:26:49',	NULL);

INSERT INTO `round` (`id`, `season_id`, `league_id`, `user_id`, `name`, `category`, `created_at`, `updated_at`) VALUES
(1,	1,	1,	2,	'round1',	'Saison Régulière',	'2023-10-03 09:33:45',	NULL),
(2,	1,	1,	2,	'round2',	'Saison Régulière',	'2023-10-03 09:33:45',	NULL),
(3,	1,	1,	2,	'round3',	'Saison Régulière',	'2023-10-03 09:33:45',	NULL),
(4,	1,	1,	2,	'round4',	'Saison Régulière',	'2023-10-03 09:33:45',	NULL),
(5,	1,	1,	2,	'round5',	'Saison Régulière',	'2023-10-03 09:33:45',	NULL),
(6,	1,	2,	3,	'round1',	'Saison Régulière',	'2023-10-03 09:33:45',	NULL),
(7,	1,	2,	3,	'round2',	'Saison Régulière',	'2023-10-03 09:33:45',	NULL),
(8,	1,	2,	3,	'round3',	'Saison Régulière',	'2023-10-03 09:33:45',	NULL),
(9,	1,	2,	3,	'round4',	'Saison Régulière',	'2023-10-03 09:33:45',	NULL),
(10,	1,	2,	3,	'round5',	'Saison Régulière',	'2023-10-03 09:33:45',	NULL),
(11,	1,	1,	2,	'test',	'saison_Reguliere',	'2023-10-06 10:24:47',	NULL),
(12,	1,	1,	2,	'blabla',	'saison_Reguliere',	'2023-10-06 10:43:52',	NULL),
(13,	1,	1,	2,	'New round',	'saison_Reguliere',	'2023-10-06 14:16:47',	NULL),
(14,	1,	1,	2,	'Last round',	'saison_Reguliere',	'2023-10-06 21:09:16',	NULL),
(15,	1,	1,	2,	'Last test',	'saison_Reguliere',	'2023-10-09 16:24:19',	NULL),
(16,	1,	10,	25,	'Round 1',	'saison_Reguliere',	'2023-10-09 20:40:50',	NULL),
(17,	1,	1,	2,	'Test demo',	'saison_Reguliere',	'2023-10-10 10:19:16',	NULL),
(18,	1,	10,	25,	'blabla',	'saison_Reguliere',	'2023-10-10 12:55:43',	NULL),
(19,	1,	10,	25,	'blabla2',	'saison_Reguliere',	'2023-10-10 12:55:56',	NULL),
(20,	1,	10,	25,	'Test 2',	'saison_Reguliere',	'2023-10-11 09:15:01',	NULL),
(21,	1,	11,	30,	'Round 1',	'saison_Reguliere',	'2023-10-11 15:27:41',	NULL);

INSERT INTO `season` (`id`, `year`, `created_at`, `updated_at`) VALUES
(1,	'2023-2024',	'2023-10-03 09:33:45',	NULL);

INSERT INTO `srprediction` (`id`, `user_id`, `game_id`, `predicted_winnig_team`, `predicted_point_difference`, `validation_status`, `point_scored`, `bonus_points_erned`, `bonus_bookie`, `created_at`, `updated_at`) VALUES
(1,	4,	1,	'New York Knicks',	'29',	'Validated',	0,	0,	0,	'2023-10-03 09:33:45',	NULL),
(2,	4,	2,	'Boston Celtics',	'25',	'Published',	0,	0,	0,	'2023-10-03 09:33:45',	NULL),
(5,	4,	5,	'Cleveland Cavaliers',	'28',	'Saved',	0,	0,	0,	'2023-10-03 09:33:45',	NULL),
(6,	4,	6,	'Los Angeles Lakers',	'23',	'Saved',	0,	0,	0,	'2023-10-03 09:33:45',	NULL),
(7,	4,	7,	'Milwaukee Bucks',	'28',	'Published',	0,	0,	0,	'2023-10-03 09:33:45',	NULL),
(9,	4,	9,	'New York Knicks',	'19',	'Published',	0,	0,	0,	'2023-10-03 09:33:45',	NULL),
(10,	4,	10,	'Philadelphia 76ers',	'9',	'Published',	0,	0,	0,	'2023-10-03 09:33:45',	NULL),
(11,	5,	1,	'Charlotte Hornets',	'30',	'Validated',	0,	0,	0,	'2023-10-03 09:33:45',	NULL),
(12,	5,	2,	'Toronto Raptors',	'7',	'Validated',	0,	0,	0,	'2023-10-03 09:33:45',	NULL),
(13,	5,	3,	'Miami Heat',	'23',	'Saved',	0,	0,	0,	'2023-10-03 09:33:45',	NULL),
(14,	5,	4,	'Phoenix Suns',	'6',	'Saved',	0,	0,	0,	'2023-10-03 09:33:45',	NULL),
(15,	5,	5,	'Cleveland Cavaliers',	'10',	'Validated',	0,	0,	0,	'2023-10-03 09:33:45',	NULL),
(16,	5,	6,	'Dallas Mavericks',	'20',	'Published',	0,	0,	0,	'2023-10-03 09:33:45',	NULL),
(17,	5,	7,	'Miami Heat',	'24',	'Validated',	0,	0,	0,	'2023-10-03 09:33:45',	NULL),
(18,	5,	8,	'Portland Trail Blazers',	'22',	'Published',	0,	0,	0,	'2023-10-03 09:33:45',	NULL),
(19,	5,	9,	'New York Knicks',	'29',	'Validated',	0,	0,	0,	'2023-10-03 09:33:45',	NULL),
(20,	5,	10,	'Toronto Raptors',	'30',	'Saved',	0,	0,	0,	'2023-10-03 09:33:45',	NULL),
(21,	6,	1,	'Charlotte Hornets',	'5',	'Published',	0,	0,	0,	'2023-10-03 09:33:45',	NULL),
(22,	6,	2,	'Boston Celtics',	'13',	'Published',	0,	0,	0,	'2023-10-03 09:33:45',	NULL),
(23,	6,	3,	'Cleveland Cavaliers',	'17',	'Published',	0,	0,	0,	'2023-10-03 09:33:45',	NULL),
(24,	6,	4,	'LA Clippers',	'11',	'Published',	0,	0,	0,	'2023-10-03 09:33:45',	NULL),
(25,	6,	5,	'Cleveland Cavaliers',	'23',	'Published',	0,	0,	5,	'2023-10-03 09:33:45',	NULL),
(26,	6,	6,	'Los Angeles Lakers',	'18',	'Published',	10,	5,	5,	'2023-10-03 09:33:45',	NULL),
(27,	6,	7,	'Miami Heat',	'10',	'Saved',	0,	0,	0,	'2023-10-03 09:33:45',	NULL),
(28,	6,	8,	'Dallas Mavericks',	'18',	'Validated',	10,	5,	0,	'2023-10-03 09:33:45',	NULL),
(29,	6,	9,	'New York Knicks',	'5',	'Saved',	0,	0,	0,	'2023-10-03 09:33:45',	NULL),
(30,	6,	10,	'Toronto Raptors',	'10',	'Validated',	10,	0,	5,	'2023-10-03 09:33:45',	NULL),
(31,	7,	1,	'New York Knicks',	'11',	'Validated',	0,	0,	0,	'2023-10-03 09:33:45',	NULL),
(32,	7,	2,	'Boston Celtics',	'8',	'Published',	0,	0,	0,	'2023-10-03 09:33:45',	NULL),
(33,	7,	3,	'Miami Heat',	'17',	'Saved',	0,	0,	0,	'2023-10-03 09:33:45',	NULL),
(34,	7,	4,	'Phoenix Suns',	'8',	'Validated',	0,	0,	0,	'2023-10-03 09:33:45',	NULL),
(35,	7,	5,	'Atlanta Hawks',	'30',	'Saved',	0,	0,	0,	'2023-10-03 09:33:45',	NULL),
(36,	7,	6,	'Dallas Mavericks',	'24',	'Published',	0,	0,	0,	'2023-10-03 09:33:45',	NULL),
(37,	7,	7,	'Milwaukee Bucks',	'19',	'Saved',	0,	0,	0,	'2023-10-03 09:33:45',	NULL),
(38,	7,	8,	'Portland Trail Blazers',	'30',	'Saved',	0,	0,	0,	'2023-10-03 09:33:45',	NULL),
(39,	7,	9,	'New York Knicks',	'20',	'Published',	0,	0,	0,	'2023-10-03 09:33:45',	NULL),
(40,	7,	10,	'Philadelphia 76ers',	'15',	'Saved',	0,	0,	0,	'2023-10-03 09:33:45',	NULL),
(41,	8,	1,	'Charlotte Hornets',	'5',	'Validated',	0,	0,	0,	'2023-10-03 09:33:45',	NULL),
(42,	8,	2,	'Boston Celtics',	'10',	'Published',	0,	0,	0,	'2023-10-03 09:33:45',	NULL),
(43,	8,	3,	'Miami Heat',	'9',	'Published',	0,	0,	0,	'2023-10-03 09:33:45',	NULL),
(44,	8,	4,	'Phoenix Suns',	'21',	'Validated',	0,	0,	0,	'2023-10-03 09:33:45',	NULL),
(45,	8,	5,	'Cleveland Cavaliers',	'30',	'Validated',	0,	0,	0,	'2023-10-03 09:33:45',	NULL),
(46,	8,	6,	'Dallas Mavericks',	'14',	'Published',	0,	0,	0,	'2023-10-03 09:33:45',	NULL),
(47,	8,	7,	'Milwaukee Bucks',	'9',	'Saved',	0,	0,	0,	'2023-10-03 09:33:45',	NULL),
(48,	8,	8,	'Portland Trail Blazers',	'28',	'Published',	0,	0,	0,	'2023-10-03 09:33:45',	NULL),
(49,	8,	9,	'Charlotte Hornets',	'21',	'Validated',	0,	0,	0,	'2023-10-03 09:33:45',	NULL),
(50,	8,	10,	'Toronto Raptors',	'13',	'Saved',	0,	0,	0,	'2023-10-03 09:33:45',	NULL),
(51,	9,	1,	'New York Knicks',	'25',	'Saved',	0,	0,	0,	'2023-10-03 09:33:45',	NULL),
(52,	9,	2,	'Boston Celtics',	'25',	'Published',	0,	0,	0,	'2023-10-03 09:33:45',	NULL),
(53,	9,	3,	'Cleveland Cavaliers',	'22',	'Validated',	0,	0,	0,	'2023-10-03 09:33:45',	NULL),
(54,	9,	4,	'Phoenix Suns',	'20',	'Validated',	0,	0,	0,	'2023-10-03 09:33:45',	NULL),
(55,	9,	5,	'Cleveland Cavaliers',	'9',	'Validated',	0,	0,	0,	'2023-10-03 09:33:45',	NULL),
(56,	9,	6,	'Dallas Mavericks',	'17',	'Saved',	0,	0,	0,	'2023-10-03 09:33:45',	NULL),
(57,	9,	7,	'Miami Heat',	'23',	'Saved',	0,	0,	0,	'2023-10-03 09:33:45',	NULL),
(58,	9,	8,	'Portland Trail Blazers',	'6',	'Saved',	0,	0,	0,	'2023-10-03 09:33:45',	NULL),
(59,	9,	9,	'Charlotte Hornets',	'13',	'Published',	0,	0,	0,	'2023-10-03 09:33:45',	NULL),
(60,	9,	10,	'Philadelphia 76ers',	'20',	'Published',	0,	0,	0,	'2023-10-03 09:33:45',	NULL),
(61,	10,	1,	'Charlotte Hornets',	'26',	'Published',	0,	0,	0,	'2023-10-03 09:33:45',	NULL),
(62,	10,	2,	'Boston Celtics',	'19',	'Validated',	0,	0,	0,	'2023-10-03 09:33:45',	NULL),
(63,	10,	3,	'Cleveland Cavaliers',	'23',	'Published',	0,	0,	0,	'2023-10-03 09:33:45',	NULL),
(64,	10,	4,	'LA Clippers',	'8',	'Saved',	0,	0,	0,	'2023-10-03 09:33:45',	NULL),
(65,	10,	5,	'Atlanta Hawks',	'13',	'Published',	0,	0,	0,	'2023-10-03 09:33:45',	NULL),
(66,	10,	6,	'Los Angeles Lakers',	'5',	'Published',	0,	0,	0,	'2023-10-03 09:33:45',	NULL),
(67,	10,	7,	'Miami Heat',	'29',	'Saved',	0,	0,	0,	'2023-10-03 09:33:45',	NULL),
(68,	10,	8,	'Dallas Mavericks',	'26',	'Validated',	0,	0,	0,	'2023-10-03 09:33:45',	NULL),
(69,	10,	9,	'Charlotte Hornets',	'10',	'Saved',	0,	0,	0,	'2023-10-03 09:33:45',	NULL),
(70,	10,	10,	'Philadelphia 76ers',	'18',	'Published',	0,	0,	0,	'2023-10-03 09:33:45',	NULL),
(71,	11,	1,	'New York Knicks',	'6',	'Published',	0,	0,	0,	'2023-10-03 09:33:45',	NULL),
(72,	11,	2,	'Boston Celtics',	'9',	'Validated',	0,	0,	0,	'2023-10-03 09:33:45',	NULL),
(73,	11,	3,	'Cleveland Cavaliers',	'16',	'Published',	0,	0,	0,	'2023-10-03 09:33:45',	NULL),
(74,	11,	4,	'Phoenix Suns',	'6',	'Saved',	0,	0,	0,	'2023-10-03 09:33:45',	NULL),
(75,	11,	5,	'Cleveland Cavaliers',	'21',	'Saved',	0,	0,	0,	'2023-10-03 09:33:45',	NULL),
(76,	11,	6,	'Los Angeles Lakers',	'23',	'Saved',	0,	0,	0,	'2023-10-03 09:33:45',	NULL),
(77,	11,	7,	'Milwaukee Bucks',	'22',	'Saved',	0,	0,	0,	'2023-10-03 09:33:45',	NULL),
(78,	11,	8,	'Portland Trail Blazers',	'21',	'Published',	0,	0,	0,	'2023-10-03 09:33:45',	NULL),
(79,	11,	9,	'Charlotte Hornets',	'11',	'Validated',	0,	0,	0,	'2023-10-03 09:33:45',	NULL),
(80,	11,	10,	'Toronto Raptors',	'26',	'Saved',	0,	0,	0,	'2023-10-03 09:33:45',	NULL),
(81,	12,	1,	'New York Knicks',	'25',	'Saved',	0,	0,	0,	'2023-10-03 09:33:45',	NULL),
(82,	12,	2,	'Toronto Raptors',	'10',	'Validated',	0,	0,	0,	'2023-10-03 09:33:45',	NULL),
(83,	12,	3,	'Miami Heat',	'29',	'Published',	0,	0,	0,	'2023-10-03 09:33:45',	NULL),
(84,	12,	4,	'LA Clippers',	'14',	'Published',	0,	0,	0,	'2023-10-03 09:33:45',	NULL),
(85,	12,	5,	'Cleveland Cavaliers',	'14',	'Published',	0,	0,	0,	'2023-10-03 09:33:45',	NULL),
(86,	12,	6,	'Dallas Mavericks',	'30',	'Published',	0,	0,	0,	'2023-10-03 09:33:45',	NULL),
(87,	12,	7,	'Milwaukee Bucks',	'7',	'Published',	0,	0,	0,	'2023-10-03 09:33:45',	NULL),
(88,	12,	8,	'Portland Trail Blazers',	'28',	'Validated',	0,	0,	0,	'2023-10-03 09:33:45',	NULL),
(89,	12,	9,	'New York Knicks',	'30',	'Published',	0,	0,	0,	'2023-10-03 09:33:45',	NULL),
(90,	12,	10,	'Philadelphia 76ers',	'8',	'Validated',	0,	0,	0,	'2023-10-03 09:33:45',	NULL),
(91,	13,	1,	'New York Knicks',	'14',	'Validated',	0,	0,	0,	'2023-10-03 09:33:45',	NULL),
(92,	13,	2,	'Toronto Raptors',	'20',	'Published',	0,	0,	0,	'2023-10-03 09:33:45',	NULL),
(93,	13,	3,	'Cleveland Cavaliers',	'10',	'Validated',	0,	0,	0,	'2023-10-03 09:33:45',	NULL),
(94,	13,	4,	'Phoenix Suns',	'16',	'Validated',	0,	0,	0,	'2023-10-03 09:33:45',	NULL),
(95,	13,	5,	'Cleveland Cavaliers',	'27',	'Saved',	0,	0,	0,	'2023-10-03 09:33:45',	NULL),
(96,	13,	6,	'Los Angeles Lakers',	'26',	'Validated',	0,	0,	0,	'2023-10-03 09:33:45',	NULL),
(97,	13,	7,	'Milwaukee Bucks',	'27',	'Saved',	0,	0,	0,	'2023-10-03 09:33:45',	NULL),
(98,	13,	8,	'Dallas Mavericks',	'9',	'Saved',	0,	0,	0,	'2023-10-03 09:33:45',	NULL),
(99,	13,	9,	'New York Knicks',	'6',	'Validated',	0,	0,	0,	'2023-10-03 09:33:45',	NULL),
(100,	13,	10,	'Toronto Raptors',	'9',	'Validated',	0,	0,	0,	'2023-10-03 09:33:45',	NULL),
(101,	15,	2,	'Boston Celtics',	'12',	'Validated',	0,	0,	0,	'2023-10-05 12:25:48',	'2023-10-05 12:52:56'),
(102,	15,	9,	'Charlotte Hornets',	'',	'Saved',	0,	0,	0,	'2023-10-05 13:55:58',	NULL),
(103,	6,	17,	'Boston Celtics',	'8',	'Validated',	10,	0,	10,	'2023-10-07 23:29:44',	'2023-10-07 23:29:49'),
(104,	6,	18,	'Boston Celtics',	'50',	'Validated',	0,	0,	0,	'2023-10-07 23:29:52',	'2023-10-07 23:30:13'),
(105,	6,	20,	'LA Clippers',	'50',	'Validated',	0,	0,	0,	'2023-10-07 23:30:07',	'2023-10-09 10:16:23'),
(106,	6,	27,	'Charlotte Hornets',	'25',	'Validated',	10,	20,	10,	'2023-10-09 16:25:57',	NULL),
(107,	26,	28,	'New York Knicks',	'15',	'Validated',	10,	20,	0,	'2023-10-09 20:43:22',	NULL),
(108,	26,	29,	'Milwaukee Bucks',	'5',	'Validated',	0,	20,	0,	'2023-10-09 20:43:28',	NULL),
(109,	6,	30,	'Atlanta Hawks',	'25',	'Validated',	0,	0,	0,	'2023-10-10 10:22:27',	'2023-10-10 10:22:34'),
(110,	6,	33,	'New York Knicks',	'22',	'Validated',	10,	0,	10,	'2023-10-10 13:31:18',	NULL),
(111,	4,	33,	'Boston Celtics',	'12',	'Validated',	0,	0,	0,	'2023-10-10 13:32:25',	NULL),
(112,	26,	34,	'New York Knicks',	'25',	'Validated',	10,	20,	10,	'2023-10-10 16:00:35',	NULL),
(113,	26,	35,	'Toronto Raptors',	'25',	'Validated',	0,	0,	0,	'2023-10-10 16:00:39',	NULL),
(114,	27,	34,	'Boston Celtics',	'10',	'Validated',	0,	0,	0,	'2023-10-10 16:01:05',	NULL),
(115,	27,	35,	'Cleveland Cavaliers',	'10',	'Validated',	10,	0,	0,	'2023-10-10 16:01:08',	NULL);

INSERT INTO `team` (`id`, `trigram`, `name`, `conference`, `logo`, `nb_selected_home`, `nb_selected_away`, `ranking`, `created_at`, `updated_at`) VALUES
(1,	'CHA',	'Charlotte Hornets',	'Eastern',	'/CHA_1988.png',	2,	3,	NULL,	'2023-10-03 09:33:45',	NULL),
(2,	'NYK',	'New York Knicks',	'Eastern',	'/NYK_1946.png',	0,	2,	NULL,	'2023-10-03 09:33:45',	NULL),
(3,	'BOS',	'Boston Celtics',	'Eastern',	'/BKN_2013.png',	4,	1,	NULL,	'2023-10-03 09:33:45',	NULL),
(4,	'TOR',	'Toronto Raptors',	'Eastern',	'/TOR_1995.png',	0,	3,	NULL,	'2023-10-03 09:33:45',	NULL),
(5,	'CLE',	'Cleveland Cavaliers',	'Eastern',	'/CLE_1970.png',	4,	4,	NULL,	'2023-10-03 09:33:45',	NULL),
(6,	'MIA',	'Miami Heat',	'Eastern',	'/MIA_1988.png',	4,	5,	NULL,	'2023-10-03 09:33:45',	NULL),
(7,	'LAC',	'LA Clippers',	'Western',	'/LAC_1984.png',	4,	6,	NULL,	'2023-10-03 09:33:45',	NULL),
(8,	'PHX',	'Phoenix Suns',	'Western',	'/PHX_1968.png',	4,	3,	NULL,	'2023-10-03 09:33:45',	NULL),
(9,	'ATL',	'Atlanta Hawks',	'Eastern',	'/ATL_1968.png',	5,	2,	NULL,	'2023-10-03 09:33:45',	NULL),
(10,	'CLE',	'Cleveland Cavaliers',	'Eastern',	'/CLE_1970.png',	5,	3,	NULL,	'2023-10-03 09:33:45',	NULL),
(11,	'DAL',	'Dallas Mavericks',	'Western',	'/DAL_1980.png',	1,	3,	NULL,	'2023-10-03 09:33:45',	NULL),
(12,	'LAL',	'Los Angeles Lakers',	'Western',	'/LAL_1960.png',	4,	3,	NULL,	'2023-10-03 09:33:45',	NULL),
(13,	'MIA',	'Miami Heat',	'Eastern',	'/MIA_1988.png',	4,	1,	NULL,	'2023-10-03 09:33:45',	NULL),
(14,	'MIL',	'Milwaukee Bucks',	'Eastern',	'/MIL_1969.png',	4,	2,	NULL,	'2023-10-03 09:33:45',	NULL),
(15,	'DAL',	'Dallas Mavericks',	'Western',	'/DAL_1980.png',	3,	5,	NULL,	'2023-10-03 09:33:45',	NULL),
(16,	'POR',	'Portland Trail Blazers',	'Western',	'/POR_1970.png',	4,	5,	NULL,	'2023-10-03 09:33:45',	NULL),
(17,	'CHA',	'Charlotte Hornets',	'Eastern',	'/CHA_1988.png',	3,	3,	NULL,	'2023-10-03 09:33:45',	NULL),
(18,	'NYK',	'New York Knicks',	'Eastern',	'/NYK_1946.png',	0,	1,	NULL,	'2023-10-03 09:33:45',	NULL),
(19,	'PHI',	'Philadelphia 76ers',	'Eastern',	'/PHI_1963.png',	3,	0,	NULL,	'2023-10-03 09:33:45',	NULL),
(20,	'TOR',	'Toronto Raptors',	'Eastern',	'/TOR_1995.png',	1,	6,	NULL,	'2023-10-03 09:33:45',	NULL);

INSERT INTO `user` (`id`, `team_id`, `league_id`, `username`, `password`, `email`, `roles`, `title`, `score`, `old_position`, `position`, `season_played`, `created_at`, `updated_at`) VALUES
(1,	NULL,	1,	'admin',	'admin',	'admin@admin.com',	'[\"ROLE_ADMIN\"]',	'C\'est moi, Fabien! Le super Admin',	NULL,	NULL,	NULL,	NULL,	'2023-10-03 09:33:45',	NULL),
(2,	NULL,	1,	'DMFC',	'$2y$13$hk8mp4s3BhTxc.bXZFO90eB9liKi.xJKQNNyF8uwrwFYVFHMQB6Cy',	'dmfc@dmfc.com',	'[\"ROLE_DMFC\"]',	'C\'est moi, le maître du jeu',	NULL,	NULL,	NULL,	3,	'2023-10-03 09:33:45',	NULL),
(3,	NULL,	2,	'DMFC2',	'dmfc2',	'dmfc2@dmfc2.com',	'[\"ROLE_DMFC\"]',	'C\'est moi, le maître du jeu N°2',	NULL,	NULL,	NULL,	3,	'2023-10-03 09:33:45',	NULL),
(4,	12,	1,	'joueur1',	'$2y$13$hk8mp4s3BhTxc.bXZFO90eB9liKi.xJKQNNyF8uwrwFYVFHMQB6Cy',	'joueur1@example.com',	'[\"ROLE_JOUEUR\"]',	'C\'est moi, le joueur 1',	29,	2,	1,	3,	'2023-10-03 09:33:45',	NULL),
(5,	2,	1,	'joueur2',	'joueur2',	'joueur2@example.com',	'[\"ROLE_JOUEUR\"]',	'C\'est moi, le joueur 2',	30,	4,	5,	3,	'2023-10-03 09:33:45',	NULL),
(6,	15,	1,	'joueur3',	'$2y$13$hk8mp4s3BhTxc.bXZFO90eB9liKi.xJKQNNyF8uwrwFYVFHMQB6Cy',	'joueur3@example.com',	'[\"ROLE_JOUEUR\"]',	'C\'est moi, le joueur 3',	48,	4,	4,	3,	'2023-10-03 09:33:45',	NULL),
(7,	2,	1,	'joueur4',	'joueur4',	'joueur4@example.com',	'[\"ROLE_JOUEUR\"]',	'C\'est moi, le joueur 4',	23,	3,	3,	3,	'2023-10-03 09:33:45',	NULL),
(8,	7,	1,	'joueur5',	'joueur5',	'joueur5@example.com',	'[\"ROLE_JOUEUR\"]',	'C\'est moi, le joueur 5',	17,	1,	5,	3,	'2023-10-03 09:33:45',	NULL),
(9,	NULL,	2,	'joueur6',	'joueur6',	'joueur6@example.com',	'[\"ROLE_JOUEUR\"]',	'C\'est moi, le joueur 6',	26,	2,	4,	3,	'2023-10-03 09:33:45',	NULL),
(10,	NULL,	2,	'joueur7',	'joueur7',	'joueur7@example.com',	'[\"ROLE_JOUEUR\"]',	'C\'est moi, le joueur 7',	13,	3,	1,	3,	'2023-10-03 09:33:45',	NULL),
(11,	NULL,	2,	'joueur8',	'joueur8',	'joueur8@example.com',	'[\"ROLE_JOUEUR\"]',	'C\'est moi, le joueur 8',	45,	3,	4,	3,	'2023-10-03 09:33:45',	NULL),
(12,	NULL,	2,	'joueur9',	'joueur9',	'joueur9@example.com',	'[\"ROLE_JOUEUR\"]',	'C\'est moi, le joueur 9',	36,	3,	1,	3,	'2023-10-03 09:33:45',	NULL),
(13,	NULL,	2,	'joueur10',	'joueur10',	'joueur10@example.com',	'[\"ROLE_JOUEUR\"]',	'C\'est moi, le joueur 10',	28,	1,	1,	3,	'2023-10-03 09:33:45',	NULL),
(14,	13,	1,	'Maxime',	'$2y$13$ogTLdvDEkiVcjJag2tK.EOhZKrs4VotRlV/Zc9iSHD5szhbTXgMZu',	'm@m.fr',	'[\"ROLE_JOUEUR\"]',	NULL,	NULL,	NULL,	NULL,	NULL,	'2023-10-03 09:35:40',	NULL),
(15,	5,	1,	'Fabien',	'$2y$13$hk8mp4s3BhTxc.bXZFO90eB9liKi.xJKQNNyF8uwrwFYVFHMQB6Cy',	'f@f.fr',	'[\"ROLE_JOUEUR\"]',	NULL,	NULL,	NULL,	NULL,	NULL,	'2023-10-03 09:39:34',	NULL),
(16,	NULL,	3,	'FabienDMFC',	'$2y$13$UyIg8MV1t7PN/zpz1TuYe.RQk.qrHqYfgS87Rw4BQMooVzUJBEjBC',	'dmfc@d.fr',	'[\"ROLE_DMFC\"]',	NULL,	NULL,	NULL,	NULL,	NULL,	'2023-10-03 10:00:04',	NULL),
(17,	NULL,	4,	'DMFCfront',	'$2y$13$KQ0AGnyCoAdnWD2ThKyGeOaCF.BCNmx45V7Qi82z.ttTonKmQOaQ2',	't@t.fr',	'[\"ROLE_DMFC\"]',	NULL,	NULL,	NULL,	NULL,	NULL,	'2023-10-03 10:00:07',	NULL),
(18,	NULL,	3,	'Charli',	'$2y$13$lqBNRLryavn6PB3cJ0tvTuOlBXeYSI4uOzyHi66d8gSJtexlMndwG',	'charlirussell2491@gmail.com',	'[\"ROLE_JOUEUR\"]',	NULL,	NULL,	NULL,	NULL,	NULL,	'2023-10-03 10:20:34',	NULL),
(19,	NULL,	3,	'Charli91',	'$2y$13$0lgA87anSOpuBnM3YqYKv..8MLA9fTWvTss0V5VmjNJJ2wmjdLd8K',	'charlotte.russell@oclock.school',	'[\"ROLE_JOUEUR\"]',	NULL,	NULL,	NULL,	NULL,	NULL,	'2023-10-03 10:21:35',	NULL),
(20,	NULL,	5,	'FabDMFC',	'$2y$13$NppCo3dz.sTNtlN8/uP2feJLQW5m4v4z2CMtzeV5fDyD3x4wiH9gS',	'aezad@adzad.fr',	'[\"ROLE_DMFC\"]',	NULL,	NULL,	NULL,	NULL,	NULL,	'2023-10-03 13:40:31',	NULL),
(21,	NULL,	6,	'SuperDMFC',	'$2y$13$5p1v05YGZGEexJFrfVbFROCFj1BlEqcSlLY.Z92G26nh.VGy/JATe',	'sd@pp.fr',	'[\"ROLE_DMFC\"]',	NULL,	NULL,	NULL,	NULL,	NULL,	'2023-10-03 15:29:46',	NULL),
(22,	NULL,	7,	'Gaspard',	'$2y$13$ULB.OLRaQvkS5LJzr/LFtODKUkBpzMWcTBVe8dq31SHy3tiMrgYUq',	'qsd@xn--sdkjh-fra.efgz',	'[\"ROLE_DMFC\"]',	NULL,	NULL,	NULL,	NULL,	NULL,	'2023-10-03 15:52:30',	NULL),
(23,	NULL,	8,	'Gaspard2',	'$2y$13$wTuKRjPSeyUoNVYcRv55oO/krruUZl4P1uVwgsKwCMwTE1pPiXNya',	'qsdaze@azedl.frr',	'[\"ROLE_DMFC\"]',	NULL,	NULL,	NULL,	NULL,	NULL,	'2023-10-03 15:54:41',	NULL),
(24,	NULL,	9,	'Gaspard3',	'$2y$13$ydcVxpE0pgo6EQFOhJlJXuZpAQIrjK0PgdpB.WELPIJZk4tEHXTPi',	'qsde@azedl.frr',	'[\"ROLE_DMFC\"]',	NULL,	NULL,	NULL,	NULL,	NULL,	'2023-10-03 15:56:14',	NULL),
(25,	NULL,	10,	'DMFCTest',	'$2y$13$HKAvCoV8psHkCVXzo.tC9OyOFqUp.mnM06M7l93y5z0qD67vvOg9.',	'dm@fc.fr',	'[\"ROLE_DMFC\"]',	NULL,	NULL,	NULL,	NULL,	NULL,	'2023-10-09 20:39:55',	NULL),
(26,	NULL,	10,	'Quentin',	'$2y$13$7g35xLvJDcFqwWs24FPQwur2K/ZwU12GWGjKHLcdAGuh49U3lCSdO',	'q@r.fr',	'[\"ROLE_JOUEUR\"]',	NULL,	90,	NULL,	NULL,	NULL,	'2023-10-09 20:42:09',	NULL),
(27,	NULL,	10,	'Fabien2',	'$2y$13$nMzWwLSOkqkEKW2mbqjYt.X6xzrt9MCDzMe/QXk7nwQqGd42Z1BIG',	'f2@f.fr',	'[\"ROLE_JOUEUR\"]',	NULL,	10,	NULL,	NULL,	NULL,	'2023-10-10 15:57:00',	NULL),
(28,	NULL,	10,	'charli25',	'$2y$13$FznJPC5RwHfsrsVNVH5biOLcmKICobrJatagot7QCKuBOyaVmj1vK',	'c@c.fr',	'[\"ROLE_JOUEUR\"]',	NULL,	NULL,	NULL,	NULL,	NULL,	'2023-10-11 09:38:14',	NULL),
(29,	NULL,	NULL,	'Tony25',	'$2y$13$xv/WdkZvbKNhDc5w.qr7ruGfrsvooNTC4mPgcQpo0txy4mur/0EG6',	't25@t.fr',	'[\"ROLE_JOUEUR_NA\"]',	NULL,	NULL,	NULL,	NULL,	NULL,	'2023-10-11 09:53:31',	NULL),
(30,	NULL,	11,	'DMFCVide',	'$2y$13$tN0ohEQIY6Y2j11DjgcTFeSzWV2om9P/SDoqS4rbPJ5AuVuwJGOlS',	'dm@dm.fr',	'[\"ROLE_DMFC\"]',	NULL,	NULL,	NULL,	NULL,	NULL,	'2023-10-11 15:22:38',	NULL),
(31,	NULL,	11,	'fabienTest',	'$2y$13$JqE02QoOgi/Apf4tVwFRXuG8gFwseo3KmXOJvGna1NyXjbfwOd4r.',	'ft@f.fr',	'[\"ROLE_JOUEUR_NA\"]',	NULL,	NULL,	NULL,	NULL,	NULL,	'2023-10-11 15:52:39',	NULL);

-- 2023-10-11 14:37:12